Username,Password,First_Name,Last_Name,Status,Phone_number,Email,Book_Lended,Books_Owed,School_Name,Registration_Date
abarthelme0,bLPssb,Adina,Barthelme,Student,862 922 1583,abarthelme0@wikimedia.org,9,0,1ο Γυμνάσιο Ν.Ιωνίας,6/19/2021
dpascho1,cRduHBcG00,Danila,Pascho,Student,174 336 5542,dpascho1@usa.gov,7,2,1ο Γυμνάσιο Ν.Ιωνίας,5/27/2022
sport2,nFjqIiY,Sioux,Port,Student,528 859 1935,sport2@w3.org,13,2,1ο Γυμνάσιο Ν.Ιωνίας,3/14/2021
llassen3,L4xstvjr,Lenee,Lassen,Student,757 640 1946,llassen3@wikimedia.org,9,0,1ο Γυμνάσιο Ν.Ιωνίας,12/12/2022
egrossier4,Gr49yCf4i,Ernest,Grossier,Student,190 454 4641,egrossier4@comcast.net,9,2,1ο Γυμνάσιο Ν.Ιωνίας,5/7/2023
jgoring5,j6Rw1qPRk,Jamesy,Goring,Student,891 179 9573,jgoring5@telegraph.co.uk,1,1,1ο Γυμνάσιο Ν.Ιωνίας,7/18/2021
cknights6,rnYFXlxxKM1a,Christa,Knights,Student,438 750 7689,cknights6@deviantart.com,0,2,1ο Γυμνάσιο Ν.Ιωνίας,7/18/2021
mfranzen7,qekL8OpEkT,Myrna,Franzen,Student,857 824 6846,mfranzen7@miibeian.gov.cn,7,2,1ο Γυμνάσιο Ν.Ιωνίας,11/10/2021
lgantzer8,zw4ves1qc,Larine,Gantzer,Student,661 394 8053,lgantzer8@fda.gov,14,2,1ο Γυμνάσιο Ν.Ιωνίας,7/24/2022
yourry9,rhPKzEbfY,Yolanthe,Ourry,Student,116 227 3006,yourry9@stumbleupon.com,6,0,1ο Γυμνάσιο Ν.Ιωνίας,12/20/2022
jlevingsa,Q7Dt1pReS,Josey,Levings,Student,969 628 8804,jlevingsa@parallels.com,14,1,1ο Γυμνάσιο Ν.Ιωνίας,8/4/2021
tbewsyb,SmeQNazlrG5h,Terrance,Bewsy,Student,648 558 0215,tbewsyb@mit.edu,2,2,1ο Γυμνάσιο Ν.Ιωνίας,7/5/2022
dlinklaterc,7T7aBV,Darin,Linklater,Student,897 403 1005,dlinklaterc@bluehost.com,11,1,1ο Γυμνάσιο Ν.Ιωνίας,9/4/2022
aobelld,Qo3UMWmI9,Abbe,Obell,Student,696 926 6516,aobelld@acquirethisname.com,11,1,1ο Γυμνάσιο Ν.Ιωνίας,10/5/2021
dtavinore,FVjI3k3L,Dynah,Tavinor,Student,789 404 3645,dtavinore@linkedin.com,2,0,1ο Γυμνάσιο Ν.Ιωνίας,10/23/2021
swoosnamf,VCrmkW,Sheilah,Woosnam,Student,214 332 2223,swoosnamf@123-reg.co.uk,2,2,1ο Γυμνάσιο Ν.Ιωνίας,1/4/2021
slimpertzg,IQyY8CP82mE,Sarina,Limpertz,Student,206 407 7238,slimpertzg@ucoz.com,11,0,1ο Γυμνάσιο Ν.Ιωνίας,1/6/2023
lgoodludh,IrnB3YxOJ4,Licha,Goodlud,Student,475 511 7908,lgoodludh@mtv.com,1,2,1ο Γυμνάσιο Ν.Ιωνίας,7/12/2022
ehuntoni,RBYsDs,Evangelina,Hunton,Student,970 863 6055,ehuntoni@squarespace.com,2,2,1ο Γυμνάσιο Ν.Ιωνίας,12/14/2021
ghugginj,oxhunOvR1,Giorgio,Huggin,Student,232 340 9803,ghugginj@1688.com,13,1,1ο Γυμνάσιο Ν.Ιωνίας,11/24/2020
bsherryk,GRiNeBEWVhw2,Boniface,Sherry,Student,916 867 8356,bsherryk@ycombinator.com,5,0,1ο Γυμνάσιο Ν.Ιωνίας,12/26/2022
usolonl,5G6awR6eqFA,Urbain,Solon,Student,661 375 4099,usolonl@biglobe.ne.jp,4,2,1ο Γυμνάσιο Ν.Ιωνίας,10/25/2022
wcarthewm,5iRCuL,Wilhelm,Carthew,Student,748 891 0176,wcarthewm@buzzfeed.com,0,1,1ο Γυμνάσιο Ν.Ιωνίας,10/1/2021
vwabersinken,IqmmhTfzpyy2,Valery,Wabersinke,Student,843 490 2310,vwabersinken@shareasale.com,11,0,1ο Γυμνάσιο Ν.Ιωνίας,12/15/2020
rtolchardo,WmAsd0684zT0,Roley,Tolchard,Student,870 310 1541,rtolchardo@joomla.org,4,1,1ο Γυμνάσιο Ν.Ιωνίας,2/9/2023
kcolpusp,YekFDG,Kally,Colpus,Student,752 619 7823,kcolpusp@disqus.com,9,0,1ο Γυμνάσιο Ν.Ιωνίας,12/2/2020
lheisterq,YzcX4yWDGi4f,Leoine,Heister,Student,455 449 6506,lheisterq@berkeley.edu,0,2,1ο Γυμνάσιο Ν.Ιωνίας,4/13/2022
mattyr,vL0aVRHzPi,Melodie,Atty,Student,216 242 7821,mattyr@slate.com,5,1,1ο Γυμνάσιο Ν.Ιωνίας,5/11/2022
mwalliss,eJQZrW4F9Ad,Missy,Wallis,Student,156 727 9378,mwalliss@php.net,10,1,1ο Γυμνάσιο Ν.Ιωνίας,1/1/2022
lfirmagert,uhuMUl,Lorene,Firmager,Teacher,168 307 2700,lfirmagert@biblegateway.com,7,0,1ο Γυμνάσιο Ν.Ιωνίας,9/15/2022
lstaresmeareu,uh5ZCDUNcod9,Lars,Staresmeare,Teacher,314 277 9433,lstaresmeareu@behance.net,1,0,1ο Γυμνάσιο Ν.Ιωνίας,12/15/2021
vpenhaleurackv,S2oec6v,Viole,Penhaleurack,Teacher,772 540 7250,vpenhaleurackv@mlb.com,6,1,1ο Γυμνάσιο Ν.Ιωνίας,2/28/2021
ditzhaiekw,NeR4GSYT4RHX,Dion,Itzhaiek,Teacher,725 123 5026,ditzhaiekw@domainmarket.com,1,2,1ο Γυμνάσιο Ν.Ιωνίας,3/13/2022
veclesx,BSpEFOcbFt,Vladimir,Ecles,Teacher,435 649 4043,veclesx@over-blog.com,13,1,1ο Γυμνάσιο Ν.Ιωνίας,5/11/2022
gmatzy,Q1dw5jY8gvW,Godart,Matz,Teacher,448 507 1586,gmatzy@walmart.com,11,1,1ο Γυμνάσιο Ν.Ιωνίας,11/15/2022
nlittefairz,US6GLA,Niki,Littefair,Teacher,618 655 0791,nlittefairz@sakura.ne.jp,10,0,1ο Γυμνάσιο Ν.Ιωνίας,9/15/2022
kbaulk10,ZU402sCyVh,Kandace,Baulk,Teacher,622 500 6677,kbaulk10@noaa.gov,9,1,1ο Γυμνάσιο Ν.Ιωνίας,3/7/2021
bclift11,6uOpxK,Bronson,Clift,Teacher,480 218 4450,bclift11@psu.edu,5,2,1ο Γυμνάσιο Ν.Ιωνίας,12/19/2020
rcorragan12,i8ormkR,Robbie,Corragan,Teacher,175 131 1442,rcorragan12@sitemeter.com,2,1,1ο Γυμνάσιο Ν.Ιωνίας,8/4/2022
lselkirk13,FMHXm5dOU,Leanor,Selkirk,Teacher,304 851 7778,lselkirk13@nydailynews.com,2,0,1ο Γυμνάσιο Ν.Ιωνίας,12/28/2021
ioannispapadopoulos,ioannispapadopoulos,Ιωάννης,Παπαδόπουλος,Teacher,305 821 5895,ioannis@papadopoulos.com,5,0,1ο Γυμνάσιο Ν.Ιωνίας,1/1/2020
giorgosgeorgiou,giorgosgeorgiou,Γιώργος,Γεωργίου,Admin,234 451 7278,george@georgiou.com,8,0,1ο Γυμνάσιο Ν.Ιωνίας,1/1/2020
fwildin0,9aBTPfEjrA83,Farlie,Wildin,Student,823 344 7349,fwildin0@slashdot.org,12,1,2ο Γυμνάσιο Κηφισιάς,4/17/2022
bmannie1,Au1yYNeZGJ,Biron,Mannie,Student,710 661 0416,bmannie1@rambler.ru,14,2,2ο Γυμνάσιο Κηφισιάς,3/15/2022
rspleving2,ksFmdO8gPdn,Reade,Spleving,Student,535 774 5279,rspleving2@jigsy.com,9,0,2ο Γυμνάσιο Κηφισιάς,3/31/2022
mlown3,WelfOgKpSLc,Margret,Lown,Student,416 651 2242,mlown3@google.co.jp,3,2,2ο Γυμνάσιο Κηφισιάς,3/8/2021
tryce4,zdG4ro,Theobald,Ryce,Student,474 737 8591,tryce4@so-net.ne.jp,14,0,2ο Γυμνάσιο Κηφισιάς,8/6/2021
srheam5,GydWOlc,Sandye,Rheam,Student,944 129 5725,srheam5@zdnet.com,0,0,2ο Γυμνάσιο Κηφισιάς,12/25/2020
cgaiger6,gv1sajOPM3,Cazzie,Gaiger,Student,892 826 5796,cgaiger6@state.tx.us,6,2,2ο Γυμνάσιο Κηφισιάς,8/5/2021
bsmoote7,2osn2w6iCN3,Bonnie,Smoote,Student,707 204 0389,bsmoote7@livejournal.com,8,2,2ο Γυμνάσιο Κηφισιάς,7/1/2021
tpaddon8,6xMfwP3P4qBZ,Theresita,Paddon,Student,420 466 4085,tpaddon8@adobe.com,2,0,2ο Γυμνάσιο Κηφισιάς,7/17/2021
ldudderidge9,DuLO1Ip,Loleta,Dudderidge,Student,924 919 2937,ldudderidge9@deliciousdays.com,6,0,2ο Γυμνάσιο Κηφισιάς,3/31/2021
rosharrya,kzPjXSww,Ravi,O'Sharry,Student,334 740 9048,rosharrya@loc.gov,10,0,2ο Γυμνάσιο Κηφισιάς,6/2/2021
hjeffcoatb,3HgxTe8B9,Hart,Jeffcoat,Student,365 708 9656,hjeffcoatb@psu.edu,1,0,2ο Γυμνάσιο Κηφισιάς,3/8/2023
cdrescherc,O2rUWn4sGw,Cordelia,Drescher,Student,365 156 7467,cdrescherc@simplemachines.org,3,2,2ο Γυμνάσιο Κηφισιάς,12/21/2021
gsperrettd,VaLyrWm5jB,Genny,Sperrett,Student,624 510 5578,gsperrettd@issuu.com,9,0,2ο Γυμνάσιο Κηφισιάς,5/13/2023
oshipe,wFUCynlkg4Qp,Ogdon,Ship,Student,444 347 5494,oshipe@nbcnews.com,9,1,2ο Γυμνάσιο Κηφισιάς,11/15/2022
amanisf,fredbwh9XzO,Amalie,Manis,Student,391 485 0448,amanisf@ycombinator.com,4,2,2ο Γυμνάσιο Κηφισιάς,7/24/2021
mkernellg,Jf4RXh7z,Mireille,Kernell,Student,231 737 1101,mkernellg@purevolume.com,14,2,2ο Γυμνάσιο Κηφισιάς,11/15/2020
mfaraganh,RJ5zNOg,Margeaux,Faragan,Student,912 564 3826,mfaraganh@chronoengine.com,12,0,2ο Γυμνάσιο Κηφισιάς,2/28/2023
tliasi,yZTrHdoRs5u,Trula,Lias,Student,509 163 0874,tliasi@dailymail.co.uk,0,2,2ο Γυμνάσιο Κηφισιάς,5/29/2021
jmeliaj,idKhMAy,Jennifer,Melia,Student,789 470 9602,jmeliaj@wikipedia.org,3,1,2ο Γυμνάσιο Κηφισιάς,11/12/2022
mcadwaladrk,YZPK241q17nh,Miran,Cadwaladr,Student,352 521 0028,mcadwaladrk@si.edu,3,0,2ο Γυμνάσιο Κηφισιάς,8/11/2022
pmenchentonl,Q2m8pIa,Preston,Menchenton,Student,442 161 1431,pmenchentonl@examiner.com,12,1,2ο Γυμνάσιο Κηφισιάς,5/16/2022
cmaskellm,SXhGZXqHFf,Carolyn,Maskell,Student,442 618 5966,cmaskellm@rakuten.co.jp,6,1,2ο Γυμνάσιο Κηφισιάς,4/12/2022
mcronn,WY59rcw,Madel,Cron,Student,759 970 1727,mcronn@lycos.com,4,1,2ο Γυμνάσιο Κηφισιάς,4/8/2021
mdonneelyo,XINCIRw,Meridith,Donneely,Student,567 178 4033,mdonneelyo@gnu.org,6,1,2ο Γυμνάσιο Κηφισιάς,12/31/2022
dgalegop,vF2CJX,David,Galego,Student,379 121 7300,dgalegop@angelfire.com,11,0,2ο Γυμνάσιο Κηφισιάς,9/25/2022
hniblettq,Xh5ByX5mv,Hewe,Niblett,Student,148 947 7914,hniblettq@reverbnation.com,4,2,2ο Γυμνάσιο Κηφισιάς,9/18/2022
abillingsleyr,5Xd23ZoC,Angelo,Billingsley,Student,243 599 6227,abillingsleyr@opensource.org,0,2,2ο Γυμνάσιο Κηφισιάς,2/6/2022
stacks,9P1uJI2Li,Susanetta,Tack,Student,291 998 5751,stacks@walmart.com,0,1,2ο Γυμνάσιο Κηφισιάς,4/17/2023
eelsipt,daJE1quQ,Egbert,Elsip,Student,257 308 6017,eelsipt@washington.edu,6,2,2ο Γυμνάσιο Κηφισιάς,4/20/2021
hlabbatiu,HmfeMLpj,Helsa,Labbati,Teacher,825 352 4090,hlabbatiu@example.com,10,2,2ο Γυμνάσιο Κηφισιάς,9/15/2022
hhenningtonv,PVGRmVi,Huntlee,Hennington,Teacher,723 716 6460,hhenningtonv@shop-pro.jp,2,2,2ο Γυμνάσιο Κηφισιάς,5/18/2021
moliviw,dtTKjVl6,Minerva,Olivi,Teacher,324 616 7356,moliviw@wired.com,3,2,2ο Γυμνάσιο Κηφισιάς,9/22/2021
ktizardx,3SkST5ouIV,Konstantine,Tizard,Teacher,301 149 7522,ktizardx@hhs.gov,11,2,2ο Γυμνάσιο Κηφισιάς,3/20/2021
gbattiey,WxYUi6ih8,Giacobo,Battie,Teacher,239 747 3717,gbattiey@senate.gov,14,0,2ο Γυμνάσιο Κηφισιάς,4/11/2023
rionescoz,k3yrhcQIy,Reinald,Ionesco,Teacher,663 139 4835,rionescoz@prweb.com,9,1,2ο Γυμνάσιο Κηφισιάς,2/15/2023
josgorby10,TKDmXu,Joel,Osgorby,Teacher,366 438 6396,josgorby10@shop-pro.jp,8,0,2ο Γυμνάσιο Κηφισιάς,6/18/2022
sedmand11,5Zp34vb,Scarlett,Edmand,Teacher,708 997 4273,sedmand11@sina.com.cn,12,1,2ο Γυμνάσιο Κηφισιάς,3/21/2021
agretton12,YOSGBhxBoI,Antonio,Gretton,Teacher,456 420 1993,agretton12@4shared.com,6,0,2ο Γυμνάσιο Κηφισιάς,8/16/2021
mcobbledick13,uoMB8KwZzBS,Mendie,Cobbledick,Teacher,608 245 1116,mcobbledick13@baidu.com,11,1,2ο Γυμνάσιο Κηφισιάς,11/30/2022
emanouilalexiou,emanouilalexiou,Εμμανουήλ,Αλεξίου,Teacher,325 821 5895,emanouil@alexiou.com,5,0,2ο Γυμνάσιο Κηφισιάς,1/1/2020
kostasfourtounis,kostasfourtounis,Κωνσταντίνος,Φουρτούνης,Admin,234 451 8078,kostas@fourtounis.com,8,0,2ο Γυμνάσιο Κηφισιάς,1/1/2020
ccrossan0,8f8GaTf,Chelsie,Crossan,Student,774 993 2811,ccrossan0@digg.com,0,0,3ο Γυμνάσιο Αμαρουσίου,11/20/2020
esauven1,MChboJd8v,Ebba,Sauven,Student,942 193 4222,esauven1@latimes.com,7,2,3ο Γυμνάσιο Αμαρουσίου,3/15/2022
dstrauss2,sOGc0EKS,Damiano,Strauss,Student,677 601 4197,dstrauss2@sfgate.com,10,0,3ο Γυμνάσιο Αμαρουσίου,1/16/2023
llakeman3,EJb4LPtd,Lee,Lakeman,Student,372 972 2153,llakeman3@ft.com,10,2,3ο Γυμνάσιο Αμαρουσίου,5/28/2022
hbendon4,k6KRAZBC2jWm,Helene,Bendon,Student,850 842 0510,hbendon4@imdb.com,13,1,3ο Γυμνάσιο Αμαρουσίου,5/10/2023
gmacduffie5,AgUQrvgA,Garrett,MacDuffie,Student,198 183 0626,gmacduffie5@facebook.com,12,1,3ο Γυμνάσιο Αμαρουσίου,8/28/2021
ctrevaskis6,1VftqDcfYnG,Courtney,Trevaskis,Student,985 366 2007,ctrevaskis6@smh.com.au,4,2,3ο Γυμνάσιο Αμαρουσίου,5/15/2023
hspadollini7,6vFBoCTVc,Hastie,Spadollini,Student,913 951 3876,hspadollini7@fc2.com,8,0,3ο Γυμνάσιο Αμαρουσίου,3/6/2022
mchaffen8,3lTimzpFKGZ3,Merry,Chaffen,Student,440 554 1568,mchaffen8@apple.com,6,1,3ο Γυμνάσιο Αμαρουσίου,7/15/2022
sdekeep9,sfxZUUF,Seline,de Keep,Student,997 269 1724,sdekeep9@naver.com,8,0,3ο Γυμνάσιο Αμαρουσίου,1/21/2023
kwardsa,DswMgvFFjb,Kamillah,Wards,Student,303 897 6933,kwardsa@pen.io,9,1,3ο Γυμνάσιο Αμαρουσίου,8/30/2022
ecordallb,AmC8UqvscLLu,Elisabeth,Cordall,Student,816 776 7081,ecordallb@reuters.com,10,2,3ο Γυμνάσιο Αμαρουσίου,3/2/2021
jrebouletc,GMrHkJsUKm7,Jenica,Reboulet,Student,810 157 8442,jrebouletc@tinyurl.com,13,2,3ο Γυμνάσιο Αμαρουσίου,8/17/2022
mtunstalld,UGxvehJtJ0,Mason,Tunstall,Student,586 906 2318,mtunstalld@aboutads.info,14,2,3ο Γυμνάσιο Αμαρουσίου,11/11/2020
sspurriere,QdGRnmu,Salvador,Spurrier,Student,679 658 9428,sspurriere@ed.gov,13,1,3ο Γυμνάσιο Αμαρουσίου,4/9/2021
sbackf,vaQHs23RdZMd,Samuele,Back,Student,994 998 0830,sbackf@mapquest.com,8,2,3ο Γυμνάσιο Αμαρουσίου,5/14/2022
rmcsarryg,Ae2Y85OOQ,Rowland,Mcsarry,Student,233 541 7197,rmcsarryg@clickbank.net,6,2,3ο Γυμνάσιο Αμαρουσίου,3/12/2021
gbrownseyh,gSJafol7v,Gerri,Brownsey,Student,686 405 9492,gbrownseyh@studiopress.com,11,1,3ο Γυμνάσιο Αμαρουσίου,1/7/2022
wbeastalli,iVjwZblTI,Weider,Beastall,Student,946 524 8871,wbeastalli@networksolutions.com,7,2,3ο Γυμνάσιο Αμαρουσίου,12/4/2020
dsolonj,Ox4GkTMpPkv,Dawn,Solon,Student,499 581 6442,dsolonj@nhs.uk,10,2,3ο Γυμνάσιο Αμαρουσίου,2/1/2021
mronischk,CH6M2tuYIzRk,Marlo,Ronisch,Teacher,410 436 6479,mronischk@deviantart.com,2,1,3ο Γυμνάσιο Αμαρουσίου,9/2/2021
rmoffl,m2cuTE,Regan,Moff,Teacher,264 576 2166,rmoffl@tinyurl.com,14,2,3ο Γυμνάσιο Αμαρουσίου,7/30/2022
gmaricm,4DhVzaA,Garwood,Maric,Teacher,205 428 6012,gmaricm@mapquest.com,9,1,3ο Γυμνάσιο Αμαρουσίου,4/26/2023
gmacgalln,sR2PTQO6bm,Gigi,MacGall,Teacher,523 425 6998,gmacgalln@washingtonpost.com,9,2,3ο Γυμνάσιο Αμαρουσίου,4/30/2022
vklugelo,mqn5wdhxFIP,Virginia,Klugel,Teacher,540 415 9893,vklugelo@ezinearticles.com,0,0,3ο Γυμνάσιο Αμαρουσίου,12/20/2022
jimkontos,jimkontos,Δημήτρης,Κοντός,Teacher,225 451 6595,jim@kontos.com,5,0,3ο Γυμνάσιο Αμαρουσίου,1/1/2020
goergemasouras,goergemasouras,Γιώργος,Μασούρας,Admin,234 452 8348,geoerge@masouras.com,8,0,3ο Γυμνάσιο Αμαρουσίου,1/1/2020
ncotman0,raTXctsjypa,Nicola,Cotman,Student,860 957 2614,ncotman0@businessinsider.com,14,1,1ο Λύκειο Καλλιθέας,8/8/2022
yflaherty1,lJiazLjg,Yuri,Flaherty,Student,435 821 8383,yflaherty1@timesonline.co.uk,3,2,1ο Λύκειο Καλλιθέας,2/2/2023
dstark2,9YVP8ag,Dicky,Stark,Student,884 237 2939,dstark2@scribd.com,6,1,1ο Λύκειο Καλλιθέας,7/11/2022
agriffin3,Oy1P39Ltzd,Avivah,Griffin,Student,260 463 8922,agriffin3@upenn.edu,13,1,1ο Λύκειο Καλλιθέας,1/1/2023
ecastaignet4,lILiYvB,Elisabet,Castaignet,Student,990 518 0366,ecastaignet4@oracle.com,3,0,1ο Λύκειο Καλλιθέας,10/29/2022
kcodd5,3okD6A,Karney,Codd,Student,927 569 4317,kcodd5@bloomberg.com,6,0,1ο Λύκειο Καλλιθέας,1/19/2022
ascales6,zU6u7JPALuOv,Adriena,Scales,Student,549 728 2966,ascales6@taobao.com,5,2,1ο Λύκειο Καλλιθέας,12/15/2022
kbosnell7,C5g99nl3vDD7,Kara,Bosnell,Student,520 958 5621,kbosnell7@clickbank.net,0,0,1ο Λύκειο Καλλιθέας,3/31/2023
fbardwall8,vFk7eDJ5NLqz,Flory,Bardwall,Student,505 394 6346,fbardwall8@macromedia.com,9,0,1ο Λύκειο Καλλιθέας,2/28/2023
dcattermoul9,fegYqJ,Danita,Cattermoul,Student,233 542 8073,dcattermoul9@sourceforge.net,10,2,1ο Λύκειο Καλλιθέας,12/6/2022
echaudrona,iWDSOBh3hX,Elisa,Chaudron,Student,877 913 7951,echaudrona@blogs.com,9,0,1ο Λύκειο Καλλιθέας,8/14/2021
tpenwrightb,2P6WOSTA2JRQ,Trisha,Penwright,Student,146 429 3317,tpenwrightb@cbsnews.com,11,0,1ο Λύκειο Καλλιθέας,5/20/2022
blopesc,1hoijWSiO,Brina,Lopes,Student,626 238 9762,blopesc@miibeian.gov.cn,13,1,1ο Λύκειο Καλλιθέας,12/7/2020
jantonomoliid,S3pv9CP,Janina,Antonomolii,Student,226 288 4183,jantonomoliid@hugedomains.com,12,1,1ο Λύκειο Καλλιθέας,9/8/2022
jsindalle,WWAkLtsrFzG,Jonie,Sindall,Student,131 119 5507,jsindalle@ustream.tv,14,2,1ο Λύκειο Καλλιθέας,4/11/2023
hgirodinf,q1Bik0,Hyacinthia,Girodin,Student,778 312 2739,hgirodinf@mtv.com,6,0,1ο Λύκειο Καλλιθέας,11/8/2022
lwallasg,TkfeNy86a,Lindsey,Wallas,Student,803 386 8397,lwallasg@godaddy.com,10,2,1ο Λύκειο Καλλιθέας,5/11/2023
nuffh,4vnrXo,Nicoline,Uff,Student,540 489 7736,nuffh@netscape.com,12,0,1ο Λύκειο Καλλιθέας,1/4/2023
bfifooti,wrNHA7pGlb7R,Barbey,Fifoot,Student,926 555 1848,bfifooti@google.ca,0,2,1ο Λύκειο Καλλιθέας,1/8/2021
jdawidowskyj,fHicpi,Johnath,Dawidowsky,Student,494 908 2198,jdawidowskyj@google.co.uk,5,1,1ο Λύκειο Καλλιθέας,10/9/2021
olebbernk,ngq7bWOm,Ode,Lebbern,Teacher,536 823 1012,olebbernk@addthis.com,1,2,1ο Λύκειο Καλλιθέας,4/4/2023
bflettl,ys9pF0rUId6,Bibbie,Flett,Teacher,875 620 1349,bflettl@apache.org,7,1,1ο Λύκειο Καλλιθέας,6/25/2021
rgeffcockm,RsGVRPUp,Reynolds,Geffcock,Teacher,979 676 3208,rgeffcockm@eventbrite.com,1,2,1ο Λύκειο Καλλιθέας,12/4/2021
screwdsonn,1dOvoW,Sheffie,Crewdson,Teacher,912 742 9094,screwdsonn@infoseek.co.jp,7,1,1ο Λύκειο Καλλιθέας,12/9/2021
rheareo,XPrOnQ,Rees,Heare,Teacher,532 668 8846,rheareo@gravatar.com,2,2,1ο Λύκειο Καλλιθέας,2/12/2021
billspanoulis,billspanoulis,Βασίλης,Σπανούλης,Teacher,321 451 4356,bill@spanoulis.com,5,0,1ο Λύκειο Καλλιθέας,1/1/2020
billsourlis,billsourlis,Βασίλειος,Σούρλης,Admin,224 492 8008,bill@sourlis.com,8,0,1ο Λύκειο Καλλιθέας,1/1/2020
cgallemore0,aExiyun5SYJ,Cooper,Gallemore,Student,398 421 1012,cgallemore0@answers.com,12,1,2ο Λύκειο Ζωγράφου,4/6/2023
ofleote1,0qX0BG64,Olly,Fleote,Student,245 525 6338,ofleote1@dailymail.co.uk,10,2,2ο Λύκειο Ζωγράφου,9/20/2022
wtrevorrow2,WMyk6kU,Worden,Trevorrow,Student,118 461 6801,wtrevorrow2@skyrock.com,12,0,2ο Λύκειο Ζωγράφου,11/2/2021
eingall3,NNY9VgwyUwjK,Eula,Ingall,Student,812 182 2179,eingall3@usgs.gov,7,1,2ο Λύκειο Ζωγράφου,1/23/2022
wbamford4,QWTMUTn7,Westbrook,Bamford,Student,222 536 0137,wbamford4@senate.gov,10,2,2ο Λύκειο Ζωγράφου,12/23/2021
nhattiff5,ZZlMvotaN3id,Natalya,Hattiff,Student,258 652 2826,nhattiff5@printfriendly.com,10,2,2ο Λύκειο Ζωγράφου,6/26/2021
fkippie6,0X5k3nXE,Franciska,Kippie,Student,438 808 9399,fkippie6@google.fr,7,2,2ο Λύκειο Ζωγράφου,1/30/2022
estanner7,606etiNcxBk,Esme,Stanner,Student,958 999 0964,estanner7@home.pl,10,0,2ο Λύκειο Ζωγράφου,9/23/2021
srandalston8,OfV1Syq,Suzanna,Randalston,Student,786 203 2904,srandalston8@dailymail.co.uk,10,0,2ο Λύκειο Ζωγράφου,12/10/2021
hrogez9,elAPVyJ,Hatti,Rogez,Student,170 511 4907,hrogez9@earthlink.net,14,0,2ο Λύκειο Ζωγράφου,5/7/2022
mwilflinga,YfuJKqI,Marice,Wilfling,Student,432 608 7564,mwilflinga@moonfruit.com,5,1,2ο Λύκειο Ζωγράφου,4/24/2022
dhackeltonb,8lImVFHg,Dall,Hackelton,Student,528 702 8294,dhackeltonb@geocities.jp,8,0,2ο Λύκειο Ζωγράφου,8/26/2022
llambellc,h1WomvS8J0m,Loria,Lambell,Student,492 778 7139,llambellc@blogger.com,14,2,2ο Λύκειο Ζωγράφου,11/23/2021
mledrund,yhI2hHlNhcn,Melloney,Ledrun,Student,854 447 9138,mledrund@sun.com,9,1,2ο Λύκειο Ζωγράφου,5/26/2022
jitzhake,pfTmK26mhhQ,Jaquelyn,Itzhak,Student,759 133 5427,jitzhake@vistaprint.com,0,1,2ο Λύκειο Ζωγράφου,7/28/2022
bharesnapef,NVHgEgy8qdYY,Belinda,Haresnape,Student,925 417 2034,bharesnapef@issuu.com,7,1,2ο Λύκειο Ζωγράφου,1/19/2022
mbeyng,JNf2tEp5,Marline,Beyn,Student,807 469 8834,mbeyng@merriam-webster.com,0,2,2ο Λύκειο Ζωγράφου,2/2/2021
rcammockeh,6p9wW3,Rianon,Cammocke,Student,497 575 7910,rcammockeh@rediff.com,0,0,2ο Λύκειο Ζωγράφου,7/24/2022
ggyngylli,EsgjiPP,Gnni,Gyngyll,Student,332 291 6616,ggyngylli@nyu.edu,14,2,2ο Λύκειο Ζωγράφου,12/9/2021
bjocelynj,UBLgZpPtPX70,Brnaby,Jocelyn,Student,174 764 6797,bjocelynj@army.mil,14,2,2ο Λύκειο Ζωγράφου,4/1/2022
rmelatok,8xqz3B,Raychel,Melato,Teacher,593 783 8297,rmelatok@reddit.com,1,2,2ο Λύκειο Ζωγράφου,11/19/2021
kswansburyl,0htD2E5,Kaye,Swansbury,Teacher,902 823 9205,kswansburyl@dailymail.co.uk,0,0,2ο Λύκειο Ζωγράφου,2/22/2022
sploughwrightm,fPPhMF2dmk,Sean,Ploughwright,Teacher,888 708 5660,sploughwrightm@youtube.com,9,2,2ο Λύκειο Ζωγράφου,12/19/2021
klerwelln,p2MENHl,Kally,Lerwell,Teacher,395 733 8403,klerwelln@imageshack.us,14,1,2ο Λύκειο Ζωγράφου,3/21/2021
pcircuitto,6alEl51n,Pete,Circuitt,Teacher,756 489 7547,pcircuitto@topsy.com,3,2,2ο Λύκειο Ζωγράφου,5/1/2023
glaren,glaren,Γιαννούλης,Λαρετζάκης,Teacher,021 451 4316,g@laren.com,5,0,2ο Λύκειο Ζωγράφου,1/1/2020
spapast,spapast,Σωκράτης,Παπασταθόπουλος,Admin,224 422 0808,sok@papast.com,8,0,2ο Λύκειο Ζωγράφου,1/1/2020
sbrosh0,dUJaf52SE,Shane,Brosh,Student,200 855 0906,sbrosh0@seesaa.net,1,2,Γενικό Λύκειο Φιλοθέης,3/21/2022
sberr1,iJJi2Soc,Shay,Berr,Student,667 568 7135,sberr1@slideshare.net,4,0,Γενικό Λύκειο Φιλοθέης,6/10/2021
vbailess2,3A8oqgjNLfr,Valentin,Bailess,Student,866 817 1547,vbailess2@sphinn.com,3,1,Γενικό Λύκειο Φιλοθέης,10/26/2022
ctrime3,AeGblnfBy39,Curry,Trime,Student,463 316 5643,ctrime3@shutterfly.com,0,0,Γενικό Λύκειο Φιλοθέης,5/3/2023
jdormand4,i88Mc4,Jeanie,Dormand,Student,456 295 9392,jdormand4@yale.edu,0,0,Γενικό Λύκειο Φιλοθέης,1/24/2021
pbresman5,6vTBbTS,Phyllys,Bresman,Student,356 925 1497,pbresman5@livejournal.com,4,2,Γενικό Λύκειο Φιλοθέης,5/13/2021
gcraigg6,nKpzxO,Gill,Craigg,Student,982 617 0160,gcraigg6@geocities.com,4,1,Γενικό Λύκειο Φιλοθέης,6/14/2022
filson7,s6N6K4tcK,Freemon,Ilson,Student,876 631 9944,filson7@samsung.com,2,1,Γενικό Λύκειο Φιλοθέης,9/19/2022
mjimson8,mYTClp0RSx,Melli,Jimson,Student,991 869 5939,mjimson8@list-manage.com,4,0,Γενικό Λύκειο Φιλοθέης,1/15/2023
obroxholme9,S80raZqeV,Oralla,Broxholme,Student,451 984 9063,obroxholme9@who.int,4,0,Γενικό Λύκειο Φιλοθέης,11/29/2020
ariggeya,dZ3OGB9ou2U,Anatole,Riggey,Student,363 101 3396,ariggeya@ox.ac.uk,2,1,Γενικό Λύκειο Φιλοθέης,11/26/2020
pardenb,nPCN0g,Patti,Arden,Student,265 932 6253,pardenb@domainmarket.com,0,2,Γενικό Λύκειο Φιλοθέης,2/10/2022
lsimonellic,yBN9KV,Lynnea,Simonelli,Student,138 219 3468,lsimonellic@wordpress.com,3,1,Γενικό Λύκειο Φιλοθέης,6/16/2022
mmcmanamand,9A06d4qU,Maisey,Mcmanaman,Student,767 656 8387,mmcmanamand@hibu.com,3,0,Γενικό Λύκειο Φιλοθέης,4/15/2021
wrounsefelle,7iINe9BS,Wain,Rounsefell,Student,590 164 3895,wrounsefelle@eventbrite.com,4,1,Γενικό Λύκειο Φιλοθέης,6/7/2021
gwombwellf,ZHqTz9,Gabby,Wombwell,Student,341 575 3442,gwombwellf@sciencedirect.com,2,0,Γενικό Λύκειο Φιλοθέης,6/17/2021
mrosenbushg,k3aE4tCq,Maxy,Rosenbush,Student,865 380 7364,mrosenbushg@loc.gov,1,2,Γενικό Λύκειο Φιλοθέης,4/7/2021
hstemph,5OuKT2uvfa,Hillie,Stemp,Student,129 704 4144,hstemph@eepurl.com,2,1,Γενικό Λύκειο Φιλοθέης,3/16/2022
laveryi,rGTJWb48LDBK,Lidia,Avery,Student,458 771 3255,laveryi@tuttocitta.it,4,1,Γενικό Λύκειο Φιλοθέης,8/11/2022
obalhamj,t3hsVrFk,Odelinda,Balham,Student,205 812 9259,obalhamj@t-online.de,4,1,Γενικό Λύκειο Φιλοθέης,2/4/2023
hfollisk,OZ6wPkoAyk,Hervey,Follis,Student,256 160 0080,hfollisk@upenn.edu,4,0,Γενικό Λύκειο Φιλοθέης,2/8/2021
mgallagherl,UFuu2GrbWU,Marlin,Gallagher,Teacher,540 292 6229,mgallagherl@youku.com,0,1,Γενικό Λύκειο Φιλοθέης,11/19/2021
hrobloum,U9qkQ25,Hermy,Roblou,Teacher,445 908 3891,hrobloum@state.tx.us,4,0,Γενικό Λύκειο Φιλοθέης,4/9/2022
vholmyardn,b6vByM,Vinita,Holmyard,Teacher,725 408 9078,vholmyardn@techcrunch.com,0,0,Γενικό Λύκειο Φιλοθέης,2/8/2022
bmcadamo,6n9OSZyOoLL,Bert,McAdam,Teacher,309 659 6505,bmcadamo@t-online.de,0,0,Γενικό Λύκειο Φιλοθέης,5/13/2021
kostaspapan,kostaspapan,Κωνσταντίνος,Παπανικολάου,Teacher,000 451 4316,kostas@papanikolaou.com,5,0,Γενικό Λύκειο Φιλοθέης,1/1/2020
panagretsos,panagretsos,Παναγιώτης,Ρέτσος,Admin,200 422 0808,panag@retsos.com,8,0,Γενικό Λύκειο Φιλοθέης,1/1/2020
kiacobini0,QSuIvPWZ,Krishnah,Iacobini,Student,479 622 6583,kiacobini0@theatlantic.com,3,0,4ο Λύκειο Θεσσαλονίκης,4/8/2023
agartrell1,u5VeLP,Astrid,Gartrell,Student,733 804 3871,agartrell1@walmart.com,4,2,4ο Λύκειο Θεσσαλονίκης,12/12/2021
anolder2,syAMUF,Ash,Nolder,Student,160 513 2965,anolder2@fema.gov,1,0,4ο Λύκειο Θεσσαλονίκης,11/25/2022
goxenford3,kRP7iXc0Og,Graig,Oxenford,Student,864 323 8808,goxenford3@odnoklassniki.ru,2,2,4ο Λύκειο Θεσσαλονίκης,12/25/2022
bfreyne4,rysVGMIDdM,Blondelle,Freyne,Student,811 815 0792,bfreyne4@npr.org,2,2,4ο Λύκειο Θεσσαλονίκης,1/21/2023
achatres5,3KgKIa3hF,Auguste,Chatres,Student,755 366 5881,achatres5@toplist.cz,2,2,4ο Λύκειο Θεσσαλονίκης,1/11/2022
cguiden6,J7SWqBjROo,Constantina,Guiden,Student,793 261 5935,cguiden6@nifty.com,4,2,4ο Λύκειο Θεσσαλονίκης,1/30/2022
fbaselli7,xftW0Hrd,Fred,Baselli,Student,926 169 1282,fbaselli7@ucoz.com,1,0,4ο Λύκειο Θεσσαλονίκης,2/4/2023
cforde8,CHuTXmbyY1,Corny,Forde,Student,180 486 1605,cforde8@ucsd.edu,3,0,4ο Λύκειο Θεσσαλονίκης,2/3/2022
eeagland9,FFQ8tZD,Edie,Eagland,Student,343 383 0111,eeagland9@amazon.com,3,0,4ο Λύκειο Θεσσαλονίκης,12/13/2020
cwitherdena,YAPVaf4z,Clemente,Witherden,Student,137 592 1577,cwitherdena@senate.gov,2,2,4ο Λύκειο Θεσσαλονίκης,12/8/2020
vmosbyb,Zp41gI,Vite,Mosby,Student,428 590 4200,vmosbyb@ameblo.jp,0,2,4ο Λύκειο Θεσσαλονίκης,12/11/2020
abottc,ssrjBS,Alain,Bott,Student,488 158 2609,abottc@furl.net,0,0,4ο Λύκειο Θεσσαλονίκης,7/14/2021
bmoscod,GlaOdup,Britney,Mosco,Student,864 597 1735,bmoscod@usda.gov,0,0,4ο Λύκειο Θεσσαλονίκης,8/8/2022
pcoylee,kIQEAjfgU4Pb,Patsy,Coyle,Student,802 234 9878,pcoylee@g.co,4,2,4ο Λύκειο Θεσσαλονίκης,1/29/2022
tshearerf,DY02fjLWDsE,Tedmund,Shearer,Student,458 598 9028,tshearerf@creativecommons.org,3,1,4ο Λύκειο Θεσσαλονίκης,4/25/2021
dsuttellg,WiIvX6VwCb,Dawn,Suttell,Student,877 963 3791,dsuttellg@tuttocitta.it,3,1,4ο Λύκειο Θεσσαλονίκης,1/18/2021
jthameh,0ajKco,Janine,Thame,Student,861 787 2754,jthameh@senate.gov,1,1,4ο Λύκειο Θεσσαλονίκης,9/2/2022
rshapcotti,2oSjV1fwt,Roldan,Shapcott,Student,978 857 6745,rshapcotti@trellian.com,3,2,4ο Λύκειο Θεσσαλονίκης,2/8/2021
rmulchronej,wu0RAgPPa,Robinetta,Mulchrone,Student,276 302 1546,rmulchronej@uol.com.br,2,1,4ο Λύκειο Θεσσαλονίκης,3/16/2021
sadamok,xUXw1mi,Serene,Adamo,Student,866 805 0172,sadamok@redcross.org,2,0,4ο Λύκειο Θεσσαλονίκης,6/15/2021
pgarrickl,Vrhd8w,Pauletta,Garrick,Teacher,740 427 9397,pgarrickl@ocn.ne.jp,1,2,4ο Λύκειο Θεσσαλονίκης,4/28/2023
ibrichamm,lHsz3sofP,Ichabod,Bricham,Teacher,201 315 7411,ibrichamm@umn.edu,4,1,4ο Λύκειο Θεσσαλονίκης,10/13/2021
khambletonn,kE2l2hsDaR,Kelcie,Hambleton,Teacher,412 301 4527,khambletonn@salon.com,4,2,4ο Λύκειο Θεσσαλονίκης,3/14/2023
cinkpino,qREYqipH9p,Chryste,Inkpin,Teacher,975 464 2483,cinkpino@trellian.com,1,1,4ο Λύκειο Θεσσαλονίκης,2/27/2022
goergeprint,goergeprint,Γιώργος,Πρίντεζης,Teacher,990 451 4316,goerge@printezis.com,5,0,4ο Λύκειο Θεσσαλονίκης,1/1/2020
thanosandr,thanosandr,Αθανάσιος,Ανδρούτσος,Admin,000 422 0808,thanos@androutsos.com,8,0,4ο Λύκειο Θεσσαλονίκης,1/1/2020
valfonsetti0,CtZqQwNlhj,Vidovik,Alfonsetti,Student,814 219 5734,valfonsetti0@oracle.com,2,0,5ο Λύκειο Πάτρας,5/14/2021
hbootman1,zLR2tW6jFKa,Hedwig,Bootman,Student,503 344 4937,hbootman1@mozilla.com,0,0,5ο Λύκειο Πάτρας,9/19/2022
jbuesden2,iJZbqkuS,Joaquin,Buesden,Student,675 430 9090,jbuesden2@soundcloud.com,3,0,5ο Λύκειο Πάτρας,7/3/2022
kpahlsson3,GJKtpNkrKuF,Kristyn,Pahlsson,Student,721 403 3459,kpahlsson3@buzzfeed.com,3,2,5ο Λύκειο Πάτρας,10/26/2021
egantzman4,isVpzwdM1yl,Eberhard,Gantzman,Student,463 259 5654,egantzman4@symantec.com,2,2,5ο Λύκειο Πάτρας,5/3/2022
lmeader5,omJouq4d,Lev,Meader,Student,721 215 2518,lmeader5@gravatar.com,0,0,5ο Λύκειο Πάτρας,12/28/2022
bbirtwell6,kdKw1P,Brana,Birtwell,Student,862 669 3834,bbirtwell6@exblog.jp,2,0,5ο Λύκειο Πάτρας,2/28/2021
mwilmore7,qbgbxziGX1bd,Manon,Wilmore,Student,991 453 5701,mwilmore7@flickr.com,3,0,5ο Λύκειο Πάτρας,9/18/2021
dsnalom8,CWEUuIuJQQ,Darline,Snalom,Student,882 689 2000,dsnalom8@livejournal.com,2,1,5ο Λύκειο Πάτρας,5/21/2023
lmattek9,nNKlsfgXmy83,Leo,Mattek,Student,665 262 2540,lmattek9@yandex.ru,4,1,5ο Λύκειο Πάτρας,3/31/2023
wsignea,PRHvv4XK,Walker,Signe,Student,132 835 3748,wsignea@sun.com,3,0,5ο Λύκειο Πάτρας,9/14/2021
hbolderob,nygVMCe,Hamlen,Boldero,Student,914 199 5370,hbolderob@google.pl,0,0,5ο Λύκειο Πάτρας,4/28/2022
atuillerc,28wtrYag,Amelina,Tuiller,Student,990 214 1047,atuillerc@creativecommons.org,1,2,5ο Λύκειο Πάτρας,1/3/2022
ssinnottd,YM7xcM,Simmonds,Sinnott,Student,978 338 1440,ssinnottd@livejournal.com,1,0,5ο Λύκειο Πάτρας,7/24/2022
smcguinleye,XUDGjAyhvq0,Suzanna,McGuinley,Student,740 380 1132,smcguinleye@blogs.com,3,1,5ο Λύκειο Πάτρας,12/24/2020
hsabbertonf,N8WZa4hp07,Hartley,Sabberton,Student,781 842 1451,hsabbertonf@hibu.com,1,1,5ο Λύκειο Πάτρας,7/5/2022
dmackelleng,EnqBpmuJ0,Dimitry,MacKellen,Student,942 636 9342,dmackelleng@globo.com,3,0,5ο Λύκειο Πάτρας,2/5/2022
bfarndaleh,3KyZCBkt,Bettina,Farndale,Student,588 475 9401,bfarndaleh@smh.com.au,1,2,5ο Λύκειο Πάτρας,10/14/2022
sjacobii,kgJz1dCath0K,Sanders,Jacobi,Student,985 456 2891,sjacobii@nba.com,0,0,5ο Λύκειο Πάτρας,11/24/2021
jleleuj,rrUi0oA,Jeane,Le Leu,Student,742 245 9171,jleleuj@nydailynews.com,2,1,5ο Λύκειο Πάτρας,7/19/2022
rmccrostiek,l40Wk1yq8l,Rozanne,McCrostie,Student,165 542 6138,rmccrostiek@hud.gov,0,1,5ο Λύκειο Πάτρας,5/2/2021
bmenloel,m2L0yIJ,Brietta,Menloe,Teacher,676 787 4603,bmenloel@harvard.edu,4,2,5ο Λύκειο Πάτρας,1/24/2023
abywatersm,KtHuIUO5,Arther,Bywaters,Teacher,939 413 5522,abywatersm@marriott.com,3,1,5ο Λύκειο Πάτρας,2/2/2021
mscoggansn,Vdef33tg,Milka,Scoggans,Teacher,634 647 4785,mscoggansn@cnn.com,4,2,5ο Λύκειο Πάτρας,1/5/2021
cbainbriggeo,iNFsDn7y6k,Cacilia,Bainbrigge,Teacher,146 878 6714,cbainbriggeo@abc.net.au,2,2,5ο Λύκειο Πάτρας,7/25/2022
kostassloukas,kostassloukas,Κωνσταντίνος,Σλούκας,Teacher,009 451 4316,kostas@sloukas.com,5,0,5ο Λύκειο Πάτρας,1/1/2020
alexpasx,alexpasx,Αλέξανδρος,Πασχαλάκης,Admin,060 422 0808,alex@pasxalakis.com,8,0,5ο Λύκειο Πάτρας,1/1/2020
hsansam0,udE4JJlle,Hyman,Sansam,Student,322 677 4971,hsansam0@indiegogo.com,3,1,6ο Λύκειο Ηρακλείου,5/21/2022
rsmedmoor1,crckoPAU,Rici,Smedmoor,Student,800 739 9315,rsmedmoor1@com.com,4,2,6ο Λύκειο Ηρακλείου,7/15/2021
lokenfold2,wq4rvJO6,Lyssa,Okenfold,Student,967 216 9899,lokenfold2@java.com,4,2,6ο Λύκειο Ηρακλείου,8/26/2021
lcaddick3,guFJLi,Lucilia,Caddick,Student,207 126 8121,lcaddick3@stanford.edu,2,0,6ο Λύκειο Ηρακλείου,7/28/2022
llambell4,aqgcKhEIcR,Lorri,Lambell,Student,842 602 7760,llambell4@bbc.co.uk,0,2,6ο Λύκειο Ηρακλείου,5/5/2022
rcool5,Zo4GttnU6q,Ruperta,Cool,Student,720 484 7282,rcool5@dion.ne.jp,2,0,6ο Λύκειο Ηρακλείου,8/19/2021
kgrand6,ixyno7TG8psG,Kim,Grand,Student,735 815 3310,kgrand6@domainmarket.com,2,0,6ο Λύκειο Ηρακλείου,11/4/2022
hdurante7,UcswZQssOlib,Hyacinthe,Durante,Student,555 743 6953,hdurante7@multiply.com,0,2,6ο Λύκειο Ηρακλείου,3/26/2021
ydurtnall8,e1KFj0NwTr,Yurik,Durtnall,Student,799 717 7429,ydurtnall8@dailymotion.com,4,0,6ο Λύκειο Ηρακλείου,9/4/2022
stoor9,uSqmjeuOS,Sigismond,Toor,Student,839 144 0588,stoor9@homestead.com,4,0,6ο Λύκειο Ηρακλείου,9/29/2022
kdomnina,PeRVbZkt,Kitty,Domnin,Student,515 937 4825,kdomnina@businessweek.com,4,0,6ο Λύκειο Ηρακλείου,5/21/2021
claurentinob,SXUj6FD2lQ,Christophorus,Laurentino,Student,991 377 5392,claurentinob@unblog.fr,2,0,6ο Λύκειο Ηρακλείου,7/30/2021
fyegorkovc,R2JHWGCn4QN,Fulvia,Yegorkov,Student,344 474 6294,fyegorkovc@cisco.com,0,1,6ο Λύκειο Ηρακλείου,4/30/2022
raslottd,qa8EoYFr,Roddy,Aslott,Student,365 713 0072,raslottd@bbb.org,2,2,6ο Λύκειο Ηρακλείου,12/19/2021
mwebleye,7LXsFE,Maris,Webley,Student,303 233 0771,mwebleye@themeforest.net,0,1,6ο Λύκειο Ηρακλείου,10/21/2021
jjodkowskif,XRM90i3gLMZ0,Jennie,Jodkowski,Student,157 751 4686,jjodkowskif@loc.gov,4,2,6ο Λύκειο Ηρακλείου,5/16/2022
dstrugnellg,sp5Y0qd,Dante,Strugnell,Student,443 752 9235,dstrugnellg@washingtonpost.com,3,2,6ο Λύκειο Ηρακλείου,6/27/2022
mgavaranh,SD5M5EH5,Mose,Gavaran,Student,483 630 7661,mgavaranh@ehow.com,3,1,6ο Λύκειο Ηρακλείου,1/23/2023
zgreginei,A2SDy2T,Zsa zsa,Gregine,Student,438 152 7262,zgreginei@economist.com,4,1,6ο Λύκειο Ηρακλείου,10/18/2021
csherrellj,vUr6cJ39,Carlynne,Sherrell,Student,655 903 8612,csherrellj@prnewswire.com,1,1,6ο Λύκειο Ηρακλείου,3/26/2021
bparkhousek,9M606WDm,Barny,Parkhouse,Student,395 845 9309,bparkhousek@mit.edu,0,1,6ο Λύκειο Ηρακλείου,1/12/2021
fsaywardl,TbmH60K,Fin,Sayward,Teacher,694 601 8303,fsaywardl@topsy.com,0,2,6ο Λύκειο Ηρακλείου,3/15/2022
gseabertm,laHR2wpEQ,Gare,Seabert,Teacher,112 951 1979,gseabertm@nps.gov,3,0,6ο Λύκειο Ηρακλείου,10/19/2022
bgingedalen,pAKoee5Frp8,Benjamen,Gingedale,Teacher,994 397 6041,bgingedalen@imdb.com,0,1,6ο Λύκειο Ηρακλείου,2/26/2022
pdugdaleo,BBC2xj,Porty,Dugdale,Teacher,807 428 2848,pdugdaleo@infoseek.co.jp,0,2,6ο Λύκειο Ηρακλείου,1/29/2022
mikloutzis,mikloutzis,Μιχάλης,Λούτζης,Teacher,109 000 4316,mik@loutzis.com,5,0,6ο Λύκειο Ηρακλείου,1/1/2020
kostastzolakis,kostastzolakis,Κωνσταντίνος,Τζολάκης,Admin,060 000 0808,kostas@tzolakis.com,8,0,6ο Λύκειο Ηρακλείου,1/1/2020
llocarno0,2rjwTOHp,Lonnie,Locarno,Student,331 466 1128,llocarno0@blog.com,2,2,2ο Γυμνάσιο Βόλου,10/7/2022
cocleary1,zJdbV6QNLXD,Catherina,O'Cleary,Student,695 483 8847,cocleary1@craigslist.org,3,0,2ο Γυμνάσιο Βόλου,8/30/2021
syannikov2,QndSpTq,Samara,Yannikov,Student,804 412 7063,syannikov2@guardian.co.uk,1,0,2ο Γυμνάσιο Βόλου,7/8/2022
jlarive3,lb9AafMGL7Qj,June,Larive,Student,382 494 7261,jlarive3@jalbum.net,3,0,2ο Γυμνάσιο Βόλου,3/23/2023
lokenden4,CsnyJ1AJG2E,Liva,Okenden,Student,310 413 0131,lokenden4@sun.com,3,0,2ο Γυμνάσιο Βόλου,7/28/2022
zmart5,1nJzYk10,Zita,Mart,Student,672 700 9707,zmart5@diigo.com,1,0,2ο Γυμνάσιο Βόλου,10/21/2022
rcarek6,oojB7ZucLQ,Ronald,Carek,Student,959 855 7902,rcarek6@reverbnation.com,3,1,2ο Γυμνάσιο Βόλου,3/15/2022
tzaniolini7,JvS2W42g,Tabina,Zaniolini,Student,802 563 9813,tzaniolini7@twitpic.com,0,2,2ο Γυμνάσιο Βόλου,7/22/2022
sirvine8,KZyzXO8cO5M,Salli,Irvine,Student,466 460 2885,sirvine8@upenn.edu,1,0,2ο Γυμνάσιο Βόλου,2/24/2023
speachment9,jnJa7rcfUce6,Somerset,Peachment,Student,404 816 5248,speachment9@cocolog-nifty.com,2,2,2ο Γυμνάσιο Βόλου,4/17/2022
rpaula,uqfuZrgggzH,Ric,Paul,Student,969 609 8881,rpaula@devhub.com,3,0,2ο Γυμνάσιο Βόλου,5/8/2021
ilyesb,1epBIR,Ilsa,Lyes,Student,900 870 7856,ilyesb@reddit.com,4,2,2ο Γυμνάσιο Βόλου,10/2/2021
smattiellic,RgHcGWwPLS,Sidney,Mattielli,Student,270 862 6899,smattiellic@fotki.com,2,1,2ο Γυμνάσιο Βόλου,8/11/2022
elebeld,pB3ZuDW7,Eleen,Lebel,Student,984 212 1157,elebeld@vk.com,4,1,2ο Γυμνάσιο Βόλου,10/26/2022
osarlee,GMA9hvlOF,Oliy,Sarle,Student,601 648 0379,osarlee@lycos.com,3,2,2ο Γυμνάσιο Βόλου,6/8/2021
rgilloolyf,Gsymcej,Rolfe,Gillooly,Student,871 265 9926,rgilloolyf@prweb.com,2,2,2ο Γυμνάσιο Βόλου,4/21/2023
sdallicottg,6Hepcw,Steffane,Dallicott,Student,558 799 5244,sdallicottg@wsj.com,1,1,2ο Γυμνάσιο Βόλου,4/22/2022
cbaglanh,FWuiyU9M1zAY,Cordey,Baglan,Student,395 561 3392,cbaglanh@ed.gov,4,2,2ο Γυμνάσιο Βόλου,3/10/2022
rloisii,Sz1IPkI4IaZs,Rheta,Loisi,Student,685 698 2364,rloisii@vkontakte.ru,2,2,2ο Γυμνάσιο Βόλου,6/27/2021
kpocockej,W2w8mo10,Kimberlee,Pococke,Student,942 873 7234,kpocockej@un.org,4,2,2ο Γυμνάσιο Βόλου,1/20/2021
jlacek,yuxptk,Jamie,Lace,Student,815 382 9217,jlacek@yale.edu,2,2,2ο Γυμνάσιο Βόλου,3/9/2021
egullimanl,mB2sFwgNx,Etienne,Gulliman,Teacher,257 605 5016,egullimanl@newsvine.com,2,2,2ο Γυμνάσιο Βόλου,12/25/2022
cklimkiewichm,DiNx2Kjyet,Clarissa,Klimkiewich,Teacher,672 280 0537,cklimkiewichm@theglobeandmail.com,0,0,2ο Γυμνάσιο Βόλου,8/17/2021
bdunlean,Fpiy8sDcM,Babita,Dunlea,Teacher,970 894 8298,bdunlean@google.ca,1,0,2ο Γυμνάσιο Βόλου,2/16/2023
dchatreso,brBBiWeFNGz,Devy,Chatres,Teacher,197 194 7631,dchatreso@weather.com,0,2,2ο Γυμνάσιο Βόλου,1/4/2022
goergepapas,goergepapas,Γιώργος,Παπάς,Teacher,109 001 4316,goerge@papas.com,5,0,2ο Γυμνάσιο Βόλου,1/1/2020
kostastsimikas,kostastsimikas,Κωνσταντίνος,Τσιμίκας,Admin,093 001 0808,kostas@tsimikas.com,8,0,2ο Γυμνάσιο Βόλου,1/1/2020
ucopland0,AIykD36c,Urbain,Copland,Student,377 159 8084,ucopland0@nationalgeographic.com,4,1,3ο Λύκειο Αλεξανδρούπολης,2/12/2022
pfancourt1,zWS9hlMH,Phillie,Fancourt,Student,240 514 9342,pfancourt1@shop-pro.jp,4,1,3ο Λύκειο Αλεξανδρούπολης,4/3/2023
deddow2,TzqEqxWR,Devin,Eddow,Student,517 254 3274,deddow2@about.me,2,1,3ο Λύκειο Αλεξανδρούπολης,6/14/2022
ipoplee3,Ka4O3op,Isador,Poplee,Student,123 747 5603,ipoplee3@imageshack.us,0,0,3ο Λύκειο Αλεξανδρούπολης,5/16/2022
tbertrand4,7F6DuY,Terry,Bertrand,Student,918 138 5349,tbertrand4@ehow.com,0,1,3ο Λύκειο Αλεξανδρούπολης,10/3/2022
mbletso5,xwXULKL,Michal,Bletso,Student,689 211 4566,mbletso5@123-reg.co.uk,4,2,3ο Λύκειο Αλεξανδρούπολης,9/1/2022
nhavers6,BjzOiekDEP1,Nicol,Havers,Student,643 105 9014,nhavers6@cnet.com,1,2,3ο Λύκειο Αλεξανδρούπολης,5/8/2022
djeratt7,l7vY6E47UD85,Dorolisa,Jeratt,Student,932 728 3889,djeratt7@flickr.com,0,1,3ο Λύκειο Αλεξανδρούπολης,2/26/2023
lrowbottom8,DkYjRT2qmVk,Lloyd,Rowbottom,Student,879 373 5620,lrowbottom8@pinterest.com,3,0,3ο Λύκειο Αλεξανδρούπολης,4/4/2021
hharlow9,XzMIvjL,Hedy,Harlow,Student,264 809 7516,hharlow9@dailymail.co.uk,1,0,3ο Λύκειο Αλεξανδρούπολης,7/3/2021
ggreima,MnYrmoxabl,Guillemette,Greim,Student,288 908 5278,ggreima@privacy.gov.au,0,1,3ο Λύκειο Αλεξανδρούπολης,3/22/2023
ugarthlandb,CviO1juA,Ulrike,Garthland,Student,851 248 5904,ugarthlandb@theguardian.com,3,0,3ο Λύκειο Αλεξανδρούπολης,5/4/2023
swalklotc,A0HRzngFU,Smitty,Walklot,Student,316 894 1527,swalklotc@jiathis.com,2,0,3ο Λύκειο Αλεξανδρούπολης,5/7/2023
awrend,0qVBW0JHU,Angelina,Wren,Student,759 618 5417,awrend@artisteer.com,0,1,3ο Λύκειο Αλεξανδρούπολης,5/27/2022
eimose,w6Ckazdt,Egon,Imos,Student,529 549 2796,eimose@slideshare.net,3,1,3ο Λύκειο Αλεξανδρούπολης,7/2/2022
fwitulf,Fw1kit8g3Bwz,Fleming,Witul,Student,530 134 2067,fwitulf@oaic.gov.au,4,0,3ο Λύκειο Αλεξανδρούπολης,2/8/2023
jpatryg,6juK7UHaThQZ,Jo-anne,Patry,Student,353 779 4844,jpatryg@walmart.com,3,2,3ο Λύκειο Αλεξανδρούπολης,12/17/2020
ksuttlingh,g3pIIIi,Kendal,Suttling,Student,634 138 7975,ksuttlingh@addtoany.com,0,2,3ο Λύκειο Αλεξανδρούπολης,11/24/2022
mcastaniei,Kp9hnr6gE,Mannie,Castanie,Student,201 263 6547,mcastaniei@ucsd.edu,1,2,3ο Λύκειο Αλεξανδρούπολης,5/9/2022
htrumperj,KHJ1PcaeEvbk,Huntley,Trumper,Student,490 833 9068,htrumperj@shareasale.com,3,2,3ο Λύκειο Αλεξανδρούπολης,11/4/2022
rmacmenemyk,7IV5bw,Ramonda,MacMenemy,Teacher,665 150 2959,rmacmenemyk@unblog.fr,4,1,3ο Λύκειο Αλεξανδρούπολης,1/14/2023
corcottl,zPeI618z,Christophorus,Orcott,Teacher,758 917 2552,corcottl@jugem.jp,4,2,3ο Λύκειο Αλεξανδρούπολης,9/5/2022
jdrohanem,aFUTMzai,Joann,Drohane,Teacher,130 351 1173,jdrohanem@epa.gov,1,1,3ο Λύκειο Αλεξανδρούπολης,2/13/2022
nrickesiesn,d7JVjMEZH,Novelia,Rickesies,Teacher,108 765 8624,nrickesiesn@admin.ch,1,1,3ο Λύκειο Αλεξανδρούπολης,3/13/2023
ihabbijamo,KM1eF4,Ilsa,Habbijam,Teacher,216 299 5475,ihabbijamo@imdb.com,1,2,3ο Λύκειο Αλεξανδρούπολης,5/10/2023
jimdiam,jimdiam,Δημήτρης,Διαμαντίδης,Teacher,109 001 0006,jim@diamantidis.com,5,0,3ο Λύκειο Αλεξανδρούπολης,1/1/2020
thanosbakasetas,thanosbakasetas,Αναστάσιος,Μπακασέτας,Admin,093 001 0008,thanos@bakasetas.com,8,0,3ο Λύκειο Αλεξανδρούπολης,1/1/2020
